{
  "speedup": 1.8136384297832024,
  "P": 0.8972443640604403,
  "t_1gpu": 9331.236106105,
  "t_2gpu": 5145.036603145
}