{
  "train_loss": [
    3.9425695604917794,
    3.4891763621805265,
    3.2237448867854024,
    3.003054446050666,
    2.801869291654775
  ],
  "val_loss": [
    3.6706398193359373,
    3.4081190063476563,
    3.1460967460632325,
    3.0275833358764648,
    2.838351114654541
  ],
  "val_acc": [
    0.1315,
    0.1776,
    0.2223,
    0.2453,
    0.2858
  ],
  "epoch_time_sec": [
    1618.2577732639984,
    1625.6155966239967,
    1632.1398729150023,
    1634.2650369529983,
    1635.192317680001
  ]
}