{
  "train_loss": [
    3.9357433734263716,
    3.479576138925003,
    3.2194821428550497,
    2.988319577084003,
    2.7920898092235706
  ],
  "val_loss": [
    3.662455810546875,
    3.360001257324219,
    3.2622099349975584,
    3.0209839752197265,
    2.849667172241211
  ],
  "val_acc": [
    0.131,
    0.182,
    0.2108,
    0.245,
    0.2772
  ],
  "epoch_time_sec": [
    1012.0830527640001,
    1024.6143186089998,
    1025.1112040119997,
    1027.489878333,
    1028.5165573660006
  ]
}