{
  "train_loss": [
    4.096686344903807,
    3.7279165331441217,
    3.550216033730403,
    3.3615182908335353,
    3.2025580302395986
  ],
  "val_loss": [
    3.835055859375,
    3.7066463623046877,
    3.5422560791015627,
    3.315893981933594,
    3.2013345184326174
  ],
  "val_acc": [
    0.1042,
    0.1266,
    0.1624,
    0.2006,
    0.2136
  ],
  "epoch_time_sec": [
    1016.2374353560008,
    1016.5422119710001,
    1020.9464444269997,
    1025.652222183,
    1027.2535724680001
  ]
}