{
  "train_loss": [
    4.013795210571289,
    3.6041475396728515,
    3.377931183242798,
    3.1849154161071778,
    3.03274159034729
  ],
  "val_loss": [
    3.7490150390625,
    3.5259401428222654,
    3.3178628982543947,
    3.1194735809326173,
    3.0375603942871092
  ],
  "val_acc": [
    0.1109,
    0.158,
    0.1934,
    0.2348,
    0.249
  ],
  "epoch_time_sec": [
    1844.748987519,
    1862.6072683320003,
    1870.2759323969995,
    1874.9001100679998,
    1878.7029583109997
  ]
}