{
  "train_loss": [
    4.105850957267263,
    3.738897043977901,
    3.571045494873301,
    3.40919315998136,
    3.272049483355426
  ],
  "val_loss": [
    3.836976330566406,
    3.7025491271972655,
    3.534887878417969,
    3.3879600311279296,
    3.2679617889404295
  ],
  "val_acc": [
    0.1059,
    0.1295,
    0.1497,
    0.1761,
    0.2038
  ],
  "epoch_time_sec": [
    1604.0483663930008,
    1610.682998958,
    1612.9117731730003,
    1620.1389931329995,
    1623.750188134998
  ]
}